transaction_id,customer_id,bank_id,amount,currency,date,location,is_high_risk,is_valid_bank_id
1,734,20,2059.49,USD,2024/07/01,Helentown,1,1
2,962,234,4228.66,USD,2024/07/22,West Jasonberg,1,1
3,143,598,9223.78,USD,2024/04/27,Brendanberg,1,1
4,760,34,3063.09,USD,2024/05/31,Lake Davidville,0,1
5,175,562,587.11,USD,2024/09/01,East Katherine,0,1
6,252,740,6815.88,USD,2024/04/15,Valerieton,1,1
7,743,95,5402.65,USD,2024/03/12,North Taylorton,0,1
8,884,779,878.54,USD,2024/10/12,Williamsview,0,1
9,54,268,6794.4,USD,2024/08/04,Smithbury,0,1
10,715,1002,1055.99,USD,2024/03/28,Paulchester,1,1
11,339,902,6276,USD,2024/08/29,Freemanview,0,1
12,710,567,610.86,USD,2024/03/21,Hannatown,0,1
13,346,898,3929.07,USD,2024/02/06,Joshuamouth,0,1
14,315,510,8734.12,USD,2024/04/17,East Dianatown,1,1
15,835,482,7263.75,USD,2024/02/04,Amychester,1,1
16,659,673,6688.2,USD,2024/08/24,Jenniferton,0,1
17,687,759,9417.45,USD,2024/04/28,South Angelastad,1,1
18,47,934,3910.84,USD,2023/12/26,South Ashley,0,1
19,775,573,2411.67,USD,2024/06/21,West Sheila,1,1
20,638,167,7310.24,USD,2024/02/12,Brownchester,0,1
21,25,434,7610.93,USD,2024/04/19,Port Robertstad,1,1
22,256,360,3059.82,USD,2024/05/27,West Christopher,1,1
23,579,485,5891.62,USD,2024/02/23,Brianburgh,1,1
24,355,18,1707.44,USD,2024/01/28,Port Julie,0,1
25,220,715,7549.93,USD,2024/09/21,South Teresamouth,0,1
26,308,243,7711.75,USD,2024/11/18,West Philipstad,0,1
27,958,465,875.61,USD,2024/02/18,East Ashley,1,1
28,742,686,4510.92,USD,2024/02/26,Shawland,1,1
29,763,412,317.98,USD,2024/09/01,New Teresaburgh,0,1
30,87,50,1529.63,USD,2024/06/21,Port Anthony,1,1
31,142,330,3992.58,USD,2024/04/02,Lake Rebecca,0,1
32,982,561,6043.12,USD,2024/01/18,North Kathyborough,0,1
33,460,471,4787.91,USD,2024/06/21,North Lisabury,1,1
34,599,166,8244.88,USD,2024/05/15,Lake Kim,1,1
35,786,958,9716.82,USD,2024/04/24,West Christine,1,1
36,556,974,1536.46,USD,2024/10/06,Jamesshire,1,1
37,321,704,6578.16,USD,2024/01/16,West Jose,0,1
38,792,534,8929.57,USD,2023/12/10,Dawnberg,0,1
39,987,98,972.24,USD,2024/02/29,Rodgersport,1,1
40,68,270,3178.73,USD,2023/12/11,East Johnview,0,1
41,255,153,6382.82,USD,2024/03/01,Lake Dianaton,1,1
42,876,744,7334.72,USD,2023/12/16,Lake Kennethland,1,1
43,706,51,4871.09,USD,2024/06/30,Littleview,1,1
44,358,465,103.07,USD,2023/11/24,West Christina,0,1
45,719,308,2346.95,USD,2023/11/24,Sawyerhaven,1,1
46,886,803,2446.46,USD,2024/09/09,Tracyburgh,0,1
47,998,626,6332.92,USD,2024/11/01,Jacobside,0,1
48,453,10,5942.18,USD,2024/05/03,Masonville,0,1
49,817,869,5989.25,USD,2024/08/05,Port Dawnmouth,1,1
50,830,232,4156.85,USD,2024/10/03,West Hectorside,1,1
51,185,501,5131.22,USD,2024/01/31,North Brittneychester,0,1
52,513,363,2767.09,USD,2024/03/17,Port Lisa,1,1
53,147,988,9322.58,USD,2023/12/12,Lake Ronaldbury,1,1
54,28,707,375.34,USD,2024/03/11,Crossside,1,1
55,786,885,2108.26,USD,2024/10/25,Hillland,1,1
56,878,530,4374.64,USD,2024/10/08,South Troyview,0,1
57,169,629,7767.43,USD,2024/11/19,West John,1,1
58,853,487,297.33,USD,2024/03/19,North Brian,1,1
59,323,147,4873.85,USD,2024/10/08,South Charles,1,1
60,381,1002,1108.76,USD,2024/02/24,Sherrymouth,0,1
61,806,866,1686.19,USD,2024/10/08,Karenshire,1,1
62,79,537,1885.15,USD,2024/08/16,New Jack,1,1
63,996,749,6192.07,USD,2024/11/19,New Jesse,0,1
64,937,912,270.54,USD,2024/06/11,Port Ian,0,1
65,833,261,8205.8,USD,2024/10/05,West Eric,0,1
66,750,880,9815.99,USD,2023/12/20,East Diana,1,1
67,369,868,179.78,USD,2024/07/10,South Richard,0,1
68,292,240,6766.39,USD,2024/08/11,Port Stephenland,1,1
69,423,582,2330.49,USD,2024/08/08,Coxshire,1,1
70,387,243,7462.16,USD,2024/09/09,Leborough,0,1
71,290,703,6512.11,USD,2024/06/23,Johnfort,0,1
72,107,794,3894.03,USD,2024/01/07,Silvaside,1,1
73,350,431,3514.6,USD,2024/02/21,Alanstad,0,1
74,613,953,9265.02,USD,2023/12/19,New Courtney,1,1
75,268,316,6210.56,USD,2023/12/14,Port Shane,0,1
76,319,330,7633.46,USD,2024/02/10,New Nicholas,1,1
77,642,606,357.36,USD,2024/05/10,Christinaton,1,1
78,678,301,204.06,USD,2024/08/10,Carpenterland,1,1
79,800,92,7900.33,USD,2024/01/12,Tracybury,0,1
80,857,578,862.82,USD,2024/06/07,Jeffreyburgh,0,1
81,819,947,8982.05,USD,2024/04/29,Lake Shawnfort,0,1
82,643,781,4822.18,USD,2024/09/18,Port Nancy,1,1
83,9,537,5831.24,USD,2024/08/02,Baileyport,1,1
84,712,383,5724.24,USD,2024/03/08,Ianstad,0,1
85,685,90,6794.99,USD,2024/02/16,West Anthony,0,1
86,431,101,5795.6,USD,2024/02/19,Colleenburgh,0,1
87,715,766,4835.44,USD,2024/05/12,Davidhaven,1,1
88,966,52,8320.39,USD,2024/01/15,North Sheila,1,1
89,161,381,7020.76,USD,2024/08/02,Port Brent,1,1
90,193,803,625.95,USD,2024/07/21,Wrightmouth,0,1
91,152,739,582.94,USD,2024/08/19,Youngville,0,1
92,438,985,2511.98,USD,2024/07/31,West Jamesside,0,1
93,955,201,3331.77,USD,2024/11/19,Garzafurt,1,1
94,493,872,7730.8,USD,2024/09/17,Foxmouth,0,1
95,252,519,5938.74,USD,2024/01/23,North Kristen,1,1
96,611,812,6738.35,USD,2024/10/28,Julianbury,1,1
97,67,560,2719.25,USD,2024/01/23,Waltersshire,0,1
98,239,760,2630.61,USD,2024/05/26,Lawrencemouth,1,1
99,34,355,9074.28,USD,2024/04/14,Samuelton,0,1
100,552,697,9805.83,USD,2023/12/04,Harrisontown,0,1
101,150,793,9183.25,USD,2024/02/25,South Alexa,1,1
102,85,950,3786.84,USD,2024/05/01,Port Clinton,1,1
103,437,520,4144.91,USD,2024/08/30,East James,0,1
104,793,804,8028.85,USD,2023/12/01,Sarahport,0,1
105,115,356,2313.52,USD,2024/04/05,East Marcborough,1,1
106,173,750,9735.81,USD,2023/11/23,Solischester,0,1
107,939,622,520.42,USD,2024/11/19,Morganville,1,1
108,669,113,3150.06,USD,2024/11/14,New Timothy,1,1
109,545,388,2273.83,USD,2024/07/09,Christopherhaven,1,1
110,622,497,3261.11,USD,2024/09/21,Port Jessicaville,0,1
111,636,93,8907.32,USD,2024/03/04,New Mary,0,1
112,175,715,2991.98,USD,2024/01/31,Jimenezchester,0,1
113,503,849,6850.81,USD,2024/06/16,Danielmouth,1,1
114,645,924,7054.76,USD,2023/11/26,Salazarfort,0,1
115,547,802,1138.43,USD,2024/04/09,Morrisstad,0,1
116,916,749,4305.09,USD,2024/09/04,Ryanberg,1,1
117,271,919,6545.82,USD,2024/01/15,South Vanessa,0,1
118,665,255,3322.32,USD,2023/12/23,West William,0,1
119,978,675,5689.5,USD,2024/05/06,West Christine,1,1
120,11,502,5631.9,USD,2024/10/11,South Derek,0,1
121,343,1003,903.03,USD,2024/11/07,Mariamouth,0,1
122,196,684,9020.73,USD,2024/11/04,Pamelamouth,1,1
123,54,990,6669.07,USD,2024/06/12,North Robert,0,1
124,268,254,8579.15,USD,2024/08/25,West Amandaborough,0,1
125,952,605,663.35,USD,2024/03/15,West Benjaminside,1,1
126,314,775,4543.01,USD,2023/12/03,New Cristinafurt,0,1
127,851,397,6121.95,USD,2024/10/29,New Tylerstad,0,1
128,143,441,9480.34,USD,2024/10/06,Lake Ashley,0,1
129,849,788,5801.69,USD,2024/10/30,New Christy,1,1
130,536,244,1289.07,USD,2024/11/04,New Mollyland,1,1
131,616,843,9411.5,USD,2024/01/30,Walkerstad,0,1
132,562,922,3690.23,USD,2024/09/23,New Johnborough,0,1
133,75,87,6931.67,USD,2024/03/06,Owenburgh,0,1
134,802,812,6790.96,USD,2024/07/13,Robertview,0,1
135,839,299,700.83,USD,2023/12/07,East Priscillaville,0,1
136,549,74,5899.61,USD,2024/04/09,New Yeseniaville,1,1
137,60,614,2136.09,USD,2024/05/12,East Douglasshire,0,1
138,7,968,4133.14,USD,2024/06/10,East Nicoleland,1,1
139,671,309,2862.95,USD,2024/09/02,New Michael,1,1
140,899,1007,4093.14,USD,2024/04/21,South Colton,1,1
141,199,547,7797.02,USD,2024/05/08,Smithshire,1,1
142,298,991,7764.82,USD,2024/09/22,Walshton,0,1
143,356,58,9319.83,USD,2024/10/25,Fosterville,0,1
144,248,765,6183.03,USD,2024/02/29,Johnsonhaven,1,1
145,867,483,1524.59,USD,2023/12/01,Port Charles,0,1
146,965,961,26.65,USD,2024/04/01,Lake Hannah,0,1
147,930,986,1591.87,USD,2024/06/06,Mcdanielland,1,1
148,431,525,6655.74,USD,2024/05/28,Lake Amandaside,1,1
149,93,680,9593.95,USD,2024/11/05,Jamesshire,0,1
150,841,328,7183.23,USD,2024/01/13,New Elijahfurt,0,1
151,585,871,8389.31,USD,2024/04/19,Michaelhaven,1,1
152,174,134,1884.82,USD,2024/11/18,Kimton,1,1
153,424,485,9019.9,USD,2024/01/16,North Shawnmouth,0,1
154,809,751,8457.56,USD,2024/10/31,Holtberg,1,1
155,785,167,4329.02,USD,2024/07/17,Josephfurt,1,1
156,559,49,8011.53,USD,2024/04/12,Josephton,1,1
157,201,87,2103.3,USD,2024/08/23,Steelemouth,1,1
158,136,60,5139.22,USD,2024/07/07,North Charlesburgh,0,1
159,120,654,4025.26,USD,2024/04/29,New Cristian,1,1
160,822,955,251.09,USD,2024/11/07,Matthewville,1,1
161,118,237,9383.67,USD,2024/07/31,South Johnnyton,0,1
162,958,393,1077.9,USD,2024/08/16,Port Heatherton,0,1
163,169,215,1995.04,USD,2024/01/22,Christinahaven,0,1
164,1,10,5185.75,USD,2024/02/18,Port Danielshire,0,1
165,625,230,8845.4,USD,2024/06/17,South Ryan,1,1
166,208,999,4210.36,USD,2023/12/24,Gordonfort,0,1
167,776,308,2158.33,USD,2024/10/02,West Aaronchester,0,1
168,626,1003,4136.61,USD,2024/07/02,Port Johnmouth,1,1
169,748,39,1556.59,USD,2024/01/15,New Sarah,1,1
170,816,999,1015.55,USD,2024/04/30,North Michael,1,1
171,442,875,7084.1,USD,2024/01/18,East Emilyview,1,1
172,350,600,6001.63,USD,2024/11/08,Larryside,1,1
173,752,819,4676.44,USD,2024/05/06,Jillmouth,0,1
174,457,546,3302.83,USD,2024/10/08,Hillside,1,1
175,19,399,3355.63,USD,2024/02/16,Francesstad,1,1
176,72,995,6493.33,USD,2024/03/29,Perryhaven,1,1
177,139,48,5452.55,USD,2024/06/19,Lake Stevenberg,0,1
178,357,898,9995.9,USD,2024/11/16,Hudsonborough,1,1
179,294,49,8710.94,USD,2024/09/21,Scottbury,1,1
180,540,19,31.68,USD,2024/03/15,North Suzanne,0,1
181,537,982,3131.17,USD,2024/02/18,East Sarafurt,1,1
182,798,393,7436.33,USD,2024/07/07,West Travis,1,1
183,784,807,7294.25,USD,2024/04/05,Forbesmouth,1,1
184,850,528,7931.63,USD,2024/04/24,Garrettchester,0,1
185,481,713,9104.14,USD,2024/02/21,Goodwinfurt,1,1
186,926,301,784.93,USD,2024/05/27,Lake Natashaport,0,1
187,488,58,1585.55,USD,2024/04/14,Emilyfort,1,1
188,930,5,9855.67,USD,2024/07/12,Brianville,0,1
189,789,649,2872.43,USD,2024/03/30,Mitchellview,0,1
190,466,330,2515.53,USD,2024/04/24,Brianville,0,1
191,169,1007,3017.12,USD,2024/04/04,South Brianland,1,1
192,608,933,831.12,USD,2023/12/30,North Kaitlynhaven,1,1
193,667,670,1497.7,USD,2024/03/14,Lewisbury,0,1
194,376,736,7312.29,USD,2024/08/31,Sandratown,0,1
195,831,138,592.82,USD,2024/01/22,North Thomas,1,1
196,553,789,6954.15,USD,2023/12/18,Barrettmouth,1,1
197,394,107,9172.74,USD,2024/04/11,Nicholasland,0,1
198,31,721,8488.58,USD,2024/08/18,Rachelstad,0,1
199,431,54,1932.25,USD,2024/08/30,Evanstown,1,1
200,224,854,6821.33,USD,2024/03/05,Port Michele,1,1
201,429,294,682.06,USD,2024/09/18,West Denise,0,1
202,53,410,823.07,USD,2024/04/08,North Matthewchester,1,1
203,47,765,2714.18,USD,2024/02/15,Sharontown,1,1
204,800,164,6004.44,USD,2024/05/18,New Jenniferbury,1,1
205,941,147,3343.46,USD,2024/09/02,New Christine,0,1
206,887,499,7506.58,USD,2024/05/14,Port Nicholasshire,1,1
207,806,666,1190.01,USD,2024/04/15,Lake Stacey,1,1
208,433,110,6391.3,USD,2024/02/16,East Heather,0,1
209,681,545,8462.91,USD,2023/11/28,New Robert,0,1
210,156,218,14.37,USD,2024/05/30,South Gabriela,1,1
211,980,111,8721.51,USD,2023/12/11,West Faith,1,1
212,414,938,3554.49,USD,2024/10/01,Gonzalezfurt,0,1
213,956,939,8857.61,USD,2024/10/22,Patriciaport,0,1
214,400,746,4037.01,USD,2024/06/07,South Elizabethside,1,1
215,39,846,6524.94,USD,2024/08/05,Coxtown,0,1
216,989,879,6409.55,USD,2024/06/18,West Lisaborough,1,1
217,777,297,5067.72,USD,2024/07/13,South Shannonton,0,1
218,853,850,6649.57,USD,2024/11/03,Coleland,0,1
219,881,324,9397.79,USD,2024/05/18,Freemanhaven,0,1
220,268,554,1806.41,USD,2024/04/11,Haleyville,1,1
221,400,962,1070.63,USD,2024/10/28,Lake Nicoleburgh,0,1
222,536,739,2692.99,USD,2024/09/06,Hardyborough,1,1
223,534,666,8269.02,USD,2023/11/23,East Laurie,1,1
224,464,123,4875.58,USD,2024/09/18,Lake Patrickside,1,1
225,850,341,894.85,USD,2024/10/15,North Frankside,0,1
226,834,199,6060.93,USD,2024/11/01,South Tyler,1,1
227,4,873,6185.55,USD,2024/11/19,West Elizabethchester,0,1
228,268,314,8119.76,USD,2024/03/09,Port Jonathan,0,1
229,941,588,9505.54,USD,2024/09/19,Browntown,1,1
230,79,808,2103.46,USD,2024/07/16,Christopherhaven,0,1
231,117,162,1472.6,USD,2024/10/05,Lopezshire,1,1
232,176,123,7954.56,USD,2024/02/05,Briannahaven,1,1
233,614,386,6886.38,USD,2024/08/06,Lake Michael,0,1
234,348,44,4915.54,USD,2024/10/15,West Diane,1,1
235,159,804,9831.19,USD,2024/05/13,New Stephanie,0,1
236,447,128,8230.38,USD,2024/06/08,North Autumnburgh,0,1
237,134,1,3790.68,USD,2024/01/05,North Ronald,0,1
238,611,677,4561.89,USD,2024/10/04,New Richardview,1,1
239,10,500,3298.52,USD,2024/08/30,East Scott,1,1
240,434,594,2428.29,USD,2024/08/28,Reyesberg,0,1
241,739,704,8464.68,USD,2024/07/12,Port Stevenberg,0,1
242,177,875,7309.8,USD,2023/12/26,Brandonland,1,1
243,639,508,4805.8,USD,2024/08/05,Joeshire,1,1
244,212,66,7005.88,USD,2024/09/17,Williamfort,1,1
245,249,30,2555.26,USD,2024/10/22,New Jonathan,1,1
246,687,250,5164.46,USD,2024/05/22,New Andrew,1,1
247,445,956,1549.96,USD,2024/05/01,New Zachary,0,1
248,670,223,2428.46,USD,2024/05/16,Lake Andrewton,0,1
249,911,997,3963.45,USD,2024/09/02,New Danielle,1,1
250,913,601,5122.28,USD,2024/01/09,Wilsonview,0,1
251,707,196,1822.57,USD,2024/01/27,South Breannafurt,1,1
252,468,267,4613.5,USD,2024/05/06,Rebeccabury,0,1
253,542,125,4914.22,USD,2024/11/17,Kyleville,0,1
254,580,322,460.83,USD,2024/04/14,Mathewsstad,0,1
255,245,164,4948.03,USD,2024/07/07,East Paigefurt,1,1
256,458,479,8445.78,USD,2024/05/07,Port Markmouth,1,1
257,146,748,1571.33,USD,2024/09/21,North John,1,1
258,46,976,177.53,USD,2024/06/20,East Matthew,0,1
259,713,265,5561.8,USD,2023/12/01,South Rickeyville,0,1
260,987,355,2042.59,USD,2024/05/15,South Briannaport,0,1
261,841,900,349.8,USD,2024/06/16,Maldonadobury,0,1
262,199,767,1280.33,USD,2024/08/27,Brucefort,1,1
263,299,627,8088.19,USD,2024/02/14,Danielsside,0,1
264,263,960,4503.43,USD,2024/05/29,East Richardville,1,1
265,390,279,715.49,USD,2024/07/11,New Anna,0,1
266,924,176,6913.32,USD,2024/05/20,North Douglas,0,1
267,815,615,231.34,USD,2024/04/22,Lake Danielfort,1,1
268,155,3,4323.75,USD,2024/08/22,Bernardtown,0,1
269,190,766,2147.56,USD,2024/09/21,Lake Andrewborough,1,1
270,593,414,8046.96,USD,2024/11/10,Jonesville,1,1
271,961,944,9821.71,USD,2024/03/12,Jacksontown,0,1
272,732,557,5719.44,USD,2024/11/19,Lake James,0,1
273,28,723,7010.93,USD,2024/07/08,Fisherfort,0,1
274,267,936,5501.76,USD,2024/07/25,Hessport,0,1
275,429,433,8542.36,USD,2024/08/02,East Barbaramouth,1,1
276,505,81,5835.83,USD,2024/07/22,Robertfort,0,1
277,981,146,2569.61,USD,2024/07/09,New Josephborough,0,1
278,44,144,6793.69,USD,2024/10/09,Lake Coryhaven,0,1
279,309,202,6343.65,USD,2023/12/24,Port Robert,1,1
280,223,552,6647.48,USD,2024/03/15,Taylorville,1,1
281,826,730,2299.1,USD,2024/08/01,South Taylorton,0,1
282,691,621,2657.98,USD,2023/12/02,Dianebury,1,1
283,419,137,8953.74,USD,2024/06/23,South Jennifer,0,1
284,525,235,9476.66,USD,2024/02/18,Robinsonland,0,1
285,454,868,291.24,USD,2024/05/19,Port Kenneth,0,1
286,838,511,5490.4,USD,2024/03/08,Jamesborough,1,1
287,301,974,7056.83,USD,2024/03/07,Port Lesliefurt,1,1
288,4,450,3109.66,USD,2024/08/21,Russellland,0,1
289,72,405,7190.82,USD,2024/03/17,North Shannon,1,1
290,127,523,4988.87,USD,2023/12/12,Jonesstad,0,1
291,247,285,5667.24,USD,2024/05/01,New Luishaven,0,1
292,126,395,5438.63,USD,2024/09/30,Williamsborough,1,1
293,400,985,7321.32,USD,2024/02/20,Roytown,0,1
294,551,617,4183.5,USD,2024/04/10,Hunterport,0,1
295,484,533,6888.92,USD,2024/08/24,Lake Jorgefurt,1,1
296,717,260,6939.09,USD,2024/07/06,Lake Amy,0,1
297,351,776,8329.63,USD,2024/07/20,Brendaport,0,1
298,747,787,1804.21,USD,2024/07/09,West Ryan,1,1
299,458,437,5069.65,USD,2024/09/23,Jessicaport,1,1
300,216,848,8480.02,USD,2024/02/24,North Carlosport,0,1
301,439,790,2480.82,USD,2024/11/02,Nathanport,1,1
302,475,610,7181.1,USD,2024/07/16,Stephanieshire,1,1
303,290,545,1095.79,USD,2023/12/09,Bakerside,0,1
304,965,278,5483.55,USD,2024/06/19,Taylorberg,1,1
305,802,947,6191.57,USD,2024/01/03,Ryanton,1,1
306,503,882,3971.53,USD,2024/09/05,Robertborough,0,1
307,586,805,3364.09,USD,2023/11/29,Yodermouth,0,1
308,187,927,5439.16,USD,2024/10/21,Kochville,1,1
309,718,152,1432.47,USD,2024/11/20,New Colin,0,1
310,780,844,1773.87,USD,2024/07/26,East Robert,1,1
311,46,247,2503.9,USD,2024/10/28,West Aaronmouth,1,1
312,267,255,3068.13,USD,2024/07/11,Terriberg,1,1
313,680,612,5933.81,USD,2024/03/14,Scottshire,1,1
314,145,876,8411.99,USD,2024/04/27,Aguirreborough,0,1
315,990,120,2798.56,USD,2024/04/02,Hardinland,0,1
316,56,237,9515.56,USD,2024/04/18,South Jesse,1,1
317,714,202,7879.18,USD,2024/06/07,Mariastad,0,1
318,646,850,6411.68,USD,2024/08/29,East Stacy,0,1
319,222,697,9964.43,USD,2024/04/10,South Wesleyberg,0,1
320,245,282,5498.1,USD,2024/11/17,West Michael,1,1
321,866,575,7262.49,USD,2024/06/22,South Candace,1,1
322,249,147,4906.96,USD,2023/11/28,South Sarahton,0,1
323,429,514,9355.9,USD,2024/01/14,South Brittanychester,1,1
324,594,992,1170.48,USD,2024/11/11,Port Crystalberg,1,1
325,714,602,5466.56,USD,2023/11/26,Hendersonbury,0,1
326,527,463,1976.69,USD,2024/01/08,West Margaret,1,1
327,522,336,2951.02,USD,2024/11/04,Alexistown,0,1
328,592,365,8012.16,USD,2024/03/21,West Kathryn,0,1
329,405,214,9663.3,USD,2024/06/26,North Jessicaberg,1,1
330,714,651,5910.77,USD,2023/12/28,Priceside,1,1
331,519,422,4016.15,USD,2024/02/16,Taylorfort,1,1
332,369,17,9988.13,USD,2024/06/17,Carlosmouth,0,1
333,994,65,1756.98,USD,2024/03/03,Lake Lindaside,0,1
334,402,42,1423.22,USD,2024/10/31,Ellisonborough,0,1
335,344,685,9525.79,USD,2024/08/13,Johnnyville,0,1
336,537,971,5881.23,USD,2024/05/04,Henrytown,0,1
337,343,189,6413.72,USD,2023/12/28,Lake Davidhaven,1,1
338,242,64,2209.98,USD,2024/10/30,Lake Daniel,1,1
339,929,439,9104.47,USD,2024/05/29,Michelleland,0,1
340,295,565,7804.25,USD,2024/06/17,Walkerton,0,1
341,364,884,5852.85,USD,2024/08/02,Jordanchester,0,1
342,424,555,1810.19,USD,2024/08/19,Billyland,1,1
343,963,550,1164.52,USD,2024/05/05,Devonside,1,1
344,929,845,7643.69,USD,2024/08/29,North Clarence,0,1
345,844,775,1439.14,USD,2024/06/20,Katrinamouth,1,1
346,273,870,2024.4,USD,2024/10/10,Melindaland,0,1
347,482,458,3150.25,USD,2023/12/30,Port Cindy,0,1
348,220,25,8740.75,USD,2024/04/23,East Annafurt,0,1
349,944,602,8195.84,USD,2024/06/20,North Bridget,0,1
350,158,304,7536.55,USD,2024/08/05,East Tyler,1,1
351,210,879,6094.4,USD,2024/10/22,Sampsonland,1,1
352,633,500,5704.22,USD,2024/05/19,North Lisa,0,1
353,141,620,4063.65,USD,2024/10/14,Trevorton,1,1
354,667,415,154.93,USD,2023/12/04,New Ashleymouth,1,1
355,664,738,6080.06,USD,2024/09/26,Powellshire,0,1
356,291,789,5144.52,USD,2024/02/05,Stephenmouth,0,1
357,167,306,2639.87,USD,2024/11/08,Kelseychester,1,1
358,120,560,5904.57,USD,2024/05/20,East Christopher,0,1
359,957,988,6103.91,USD,2024/05/24,New Angelaburgh,1,1
360,789,327,3529.98,USD,2024/09/24,East Hannah,0,1
361,683,453,8674.97,USD,2024/05/05,Myersmouth,1,1
362,75,546,1225.22,USD,2024/02/23,East Shaneberg,1,1
363,735,608,5704.01,USD,2024/01/04,Christophertown,1,1
364,484,450,2261.85,USD,2024/07/28,North Edwardstad,1,1
365,517,627,8868.4,USD,2024/05/12,Carterland,0,1
366,178,408,602.48,USD,2024/05/15,Triciaville,1,1
367,708,845,9514.35,USD,2024/09/30,Port Nicoleton,0,1
368,392,36,7227.93,USD,2024/10/28,Farmerborough,0,1
369,513,256,4342.14,USD,2024/01/30,Jasontown,0,1
370,946,745,4449.37,USD,2024/10/09,East Scottmouth,0,1
371,851,504,1372.39,USD,2024/05/17,Markchester,0,1
372,679,185,3924.17,USD,2024/03/29,East Kristinshire,0,1
373,284,906,6981.48,USD,2023/12/06,Kristinfort,1,1
374,24,480,6825.12,USD,2024/08/20,South Gary,1,1
375,771,655,2252.73,USD,2024/10/18,South Carl,0,1
376,412,784,8796.84,USD,2024/11/17,Jamieton,0,1
377,506,148,5776.99,USD,2024/01/30,Terriland,1,1
378,246,943,3111.95,USD,2024/10/25,East Adrianmouth,0,1
379,516,158,7233.76,USD,2024/05/08,Carlosborough,0,1
380,868,48,9931.19,USD,2024/11/16,Rodriguezberg,1,1
381,532,690,6212.61,USD,2024/04/23,West Patrickfurt,0,1
382,4,322,4173.66,USD,2024/01/13,Louisland,0,1
383,883,354,2330.52,USD,2024/11/06,New Andrewview,0,1
384,706,481,6808.62,USD,2024/01/27,Lake Thomas,1,1
385,822,469,6405.71,USD,2024/08/20,South Kyleburgh,1,1
386,689,513,4390.82,USD,2024/07/31,Pattersonside,0,1
387,458,776,7134.84,USD,2024/11/18,Michaelland,0,1
388,650,227,3432.85,USD,2024/09/01,North Danielville,1,1
389,437,235,5192.36,USD,2023/12/01,Jenniferview,1,1
390,523,180,9261.44,USD,2024/05/16,North Joshuastad,0,1
391,907,449,8743.29,USD,2024/09/17,New Kelly,0,1
392,483,691,8077.89,USD,2024/11/13,New Manuelside,1,1
393,819,539,2932.77,USD,2024/09/09,North Kristopherborough,0,1
394,368,761,5704.79,USD,2024/03/01,New Anthony,0,1
395,555,656,5857.3,USD,2024/03/23,Whiteborough,1,1
396,119,518,3114.5,USD,2024/02/25,Lake Crystal,1,1
397,957,720,5760.31,USD,2024/08/24,New Courtneyborough,1,1
398,364,408,6032.56,USD,2024/05/31,Petersonhaven,1,1
399,259,630,5586.2,USD,2024/08/03,New Markstad,1,1
400,892,323,6753.55,USD,2024/06/09,Sarahland,1,1
401,19,45,268.84,USD,2024/05/21,Johnstonmouth,0,1
402,227,817,8394.68,USD,2024/09/14,South Edwin,0,1
403,99,92,1644.99,USD,2024/08/25,Thomasside,0,1
404,742,467,6655.1,USD,2024/09/02,Mindyfort,0,1
405,285,444,6674.15,USD,2024/02/21,Davidmouth,0,1
406,109,487,5939.23,USD,2024/02/28,North Vickishire,0,1
407,475,52,4782.78,USD,2024/08/22,Kimview,1,1
408,797,652,4704.76,USD,2024/08/20,West Sharonburgh,1,1
409,626,941,7486.47,USD,2023/12/13,Atkinschester,1,1
410,837,712,2593.23,USD,2024/08/28,Cruzberg,0,1
411,870,211,3973.95,USD,2024/04/01,Mooremouth,0,1
412,611,699,4150.01,USD,2024/07/10,Monroehaven,1,1
413,713,368,9953.66,USD,2024/01/22,West Kathyhaven,0,1
414,864,160,2697.79,USD,2024/10/25,Josephfurt,0,1
415,804,730,6134.69,USD,2024/02/18,West Aaron,0,1
416,821,556,905.28,USD,2024/10/14,Christineburgh,0,1
417,156,802,1980.24,USD,2024/05/03,North Melissa,0,1
418,760,311,6915.24,USD,2024/09/19,East Stevenhaven,0,1
419,401,827,1815.27,USD,2023/12/29,East Juanberg,1,1
420,100,704,2655.72,USD,2024/06/30,Lawsonton,0,1
421,572,220,3145.99,USD,2024/02/07,Garciafurt,0,1
422,519,50,5045.59,USD,2023/12/23,Wolfemouth,1,1
423,670,373,5398.38,USD,2024/07/16,Colleenside,0,1
424,826,119,1499.77,USD,2023/12/14,South Markbury,0,1
425,744,915,1014.12,USD,2024/03/13,Evanburgh,0,1
426,351,88,7167.22,USD,2024/07/06,Velasquezport,0,1
427,469,318,2121.09,USD,2024/08/09,Port Ritatown,0,1
428,707,132,9652.95,USD,2023/12/22,Rebeccamouth,0,1
429,496,262,2188.08,USD,2023/12/29,Lake Lisaview,1,1
430,655,634,4794.33,USD,2024/05/19,Deanberg,0,1
431,350,230,9190.51,USD,2024/07/13,Schmidtmouth,0,1
432,681,688,1896.96,USD,2024/10/04,South Brandonshire,1,1
433,62,409,467.73,USD,2024/06/21,West Davidstad,0,1
434,721,993,5626.44,USD,2024/11/06,Markmouth,1,1
435,37,958,1887.27,USD,2024/02/12,Lake Jeffreyfort,1,1
436,391,103,9751.56,USD,2024/11/03,New Brandonton,1,1
437,218,747,1946.99,USD,2024/07/26,Elizabethburgh,0,1
438,785,378,1877.07,USD,2024/01/10,Barbarastad,1,1
439,407,671,578.19,USD,2024/08/11,Andrewsfort,1,1
440,319,18,6503.59,USD,2024/03/14,Cooperborough,0,1
441,488,622,1256.31,USD,2024/09/13,Hannahfurt,0,1
442,520,246,678.11,USD,2024/03/05,Elizabethhaven,0,1
443,8,60,6583.51,USD,2024/11/14,Lake Saraside,0,1
444,177,475,6463.99,USD,2024/07/09,Baldwinport,0,1
445,654,781,4055.84,USD,2024/08/05,Lawrencetown,0,1
446,710,12,3854.41,USD,2024/06/28,West Samanthaview,0,1
447,812,719,8165.41,USD,2023/11/26,Davidton,1,1
448,155,768,5205.17,USD,2024/06/26,Mckinneyside,1,1
449,867,776,6112.06,USD,2024/06/17,West Michaelside,0,1
450,651,392,6032.62,USD,2024/06/16,North Austinfurt,0,1
451,378,154,4558.89,USD,2024/07/20,Johnport,1,1
452,655,797,3891.31,USD,2024/06/28,Shepherdland,1,1
453,21,806,6445.35,USD,2024/05/28,Port Bonnie,0,1
454,772,65,2349.21,USD,2024/04/17,Lake Henry,1,1
455,788,838,6827.54,USD,2024/11/07,Port Kathyfort,0,1
456,843,195,9673.62,USD,2024/08/26,West Christy,0,1
457,108,507,7901.96,USD,2024/08/14,Burkemouth,0,1
458,830,141,3517.29,USD,2024/10/10,Lake Brittanyfort,0,1
459,381,136,9583.48,USD,2024/11/05,West Jamesside,1,1
460,581,114,5406.76,USD,2024/08/28,New Randy,0,1
461,842,859,2187.11,USD,2024/07/18,Nicolefurt,0,1
462,158,535,5251.13,USD,2024/06/06,Samanthaport,0,1
463,246,1001,4942.58,USD,2024/08/06,South Adamton,1,1
464,19,527,3668.41,USD,2023/12/05,South Jose,1,1
465,205,685,420.03,USD,2024/09/04,South Amberstad,0,1
466,199,969,8385.43,USD,2024/06/04,Port Dana,1,1
467,142,872,3546.9,USD,2024/06/19,Lake Edwardbury,1,1
468,66,250,3439.5,USD,2024/09/27,Timothyside,1,1
469,849,93,9442.85,USD,2024/01/10,Katherinetown,0,1
470,926,212,6761.3,USD,2024/03/10,Shanebury,1,1
471,416,308,7531.77,USD,2024/02/24,Richardchester,1,1
472,423,965,7153.5,USD,2024/08/26,Aaronborough,1,1
473,791,232,5298.63,USD,2024/02/23,Youngstad,0,1
474,217,755,5426.31,USD,2024/10/17,Lake Anthonyshire,1,1
475,95,963,4851.24,USD,2024/01/19,Lake Stacy,1,1
476,751,73,4145.44,USD,2024/10/19,Powellland,1,1
477,176,332,663.62,USD,2024/07/15,Port Matthewhaven,1,1
478,68,918,3637.41,USD,2023/12/16,Chadland,1,1
479,89,866,2133.82,USD,2024/02/26,Lake Benjaminhaven,0,1
480,936,780,2237.84,USD,2024/08/02,Lake Ericborough,1,1
481,846,144,3144.19,USD,2024/04/26,Smithchester,1,1
482,478,313,7721.13,USD,2024/11/05,East Belindatown,1,1
483,511,264,8287.55,USD,2024/02/08,Watsonmouth,1,1
484,97,171,224.51,USD,2024/09/10,Andersonview,0,1
485,453,125,5513.92,USD,2024/11/20,East Kim,0,1
486,692,790,3884.58,USD,2024/06/08,Conwaymouth,1,1
487,66,617,5844.37,USD,2024/01/01,East John,0,1
488,335,103,4011.08,USD,2024/02/19,New Lynn,0,1
489,524,23,5085.23,USD,2024/11/18,Lake Marissa,1,1
490,81,866,8297.69,USD,2024/01/02,West Melissaside,0,1
491,768,696,2312.17,USD,2024/03/10,Michellebury,1,1
492,646,113,7133.35,USD,2024/04/09,North Kaylashire,0,1
493,541,450,1330.59,USD,2024/06/21,Gregorybury,1,1
494,307,669,1105.99,USD,2024/09/02,Lake Steven,1,1
495,903,112,3955.59,USD,2023/12/09,Stevensontown,1,1
496,793,442,1836.22,USD,2024/05/24,South Kimberlystad,1,1
497,343,606,4332.86,USD,2023/11/23,Ortizhaven,0,1
498,841,640,1120.76,USD,2024/09/04,Jonathanview,1,1
499,288,254,7129.47,USD,2024/09/07,North Jamieborough,0,1
500,271,732,9895.62,USD,2024/04/13,Lake Jasmineport,1,1
501,958,809,9994.12,USD,2024/03/03,West Tara,1,1
502,541,694,6935.92,USD,2024/09/20,Townsendport,0,1
503,113,262,5553.1,USD,2023/11/28,Eugeneville,1,1
504,343,401,8419.59,USD,2024/02/29,Garciabury,0,1
505,315,398,8851.2,USD,2024/02/12,Port Zacharyview,0,1
506,299,515,5916.62,USD,2024/10/03,South Mollybury,1,1
507,877,919,2107.14,USD,2024/10/21,Taylorbury,0,1
508,555,858,5600.47,USD,2024/02/02,Denisestad,1,1
509,469,557,3176.45,USD,2024/05/21,Murphyview,0,1
510,347,342,4713.35,USD,2024/10/10,Guerrerotown,1,1
511,557,484,5909.94,USD,2024/01/18,Sherylborough,1,1
512,583,630,211.71,USD,2024/10/09,East Josephtown,1,1
513,93,788,1640.75,USD,2024/07/14,Lewisfurt,0,1
514,671,999,7195.54,USD,2023/12/29,Port Gregory,1,1
515,337,560,6501.27,USD,2024/06/13,Melindaborough,0,1
516,18,617,7750.07,USD,2024/07/26,West Natalie,1,1
517,331,32,1625.93,USD,2024/03/23,Hodgechester,0,1
518,734,641,2355.94,USD,2024/03/15,Joshuahaven,0,1
519,374,740,5678.63,USD,2024/06/30,West Lisa,1,1
520,394,173,9432.86,USD,2024/02/15,North Philip,0,1
521,340,341,4372.02,USD,2023/11/27,Grantview,0,1
522,955,678,1472.49,USD,2024/01/07,North Victoria,1,1
523,71,240,9138.89,USD,2024/04/14,New Jonathanmouth,1,1
524,799,390,1638.54,USD,2024/05/23,Aaronland,0,1
525,99,260,2723.7,USD,2024/04/15,Danielburgh,1,1
526,27,814,6050.36,USD,2023/12/02,South Lisa,1,1
527,88,1006,4131,USD,2024/04/23,Thompsonborough,0,1
528,539,52,3952.29,USD,2024/04/21,Youngmouth,0,1
529,160,616,7065.13,USD,2024/02/11,Andrealand,1,1
530,391,1000,9679.24,USD,2024/04/01,Blackburgh,1,1
531,763,529,3580.37,USD,2023/12/30,North Kellymouth,0,1
532,757,563,459.49,USD,2023/12/01,Jonesburgh,0,1
533,343,369,7388.8,USD,2023/11/24,Bradfordfurt,1,1
534,462,1006,9750.32,USD,2023/12/22,West Kenneth,0,1
535,829,143,4336.54,USD,2024/08/13,North Stephenmouth,1,1
536,734,193,117.42,USD,2024/04/30,West Gregorytown,0,1
537,501,867,9636.4,USD,2024/10/09,South Anthonyhaven,0,1
538,167,888,6089.18,USD,2024/01/30,West Courtney,1,1
539,132,609,2721.97,USD,2023/12/14,Mossberg,0,1
540,507,499,8475.72,USD,2024/03/05,Conleyshire,0,1
541,721,233,7831.37,USD,2024/09/28,North Randystad,1,1
542,999,408,9429.64,USD,2024/09/11,Schultzbury,1,1
543,436,976,2951.22,USD,2024/04/02,New Rachelland,1,1
544,786,544,1561,USD,2024/04/10,New Christina,0,1
545,780,808,9452.52,USD,2024/08/28,South Thomasstad,0,1
546,492,233,9482.81,USD,2024/03/28,New Teresatown,0,1
547,712,146,8086.58,USD,2024/06/30,Daniellemouth,1,1
548,412,647,5494.18,USD,2024/05/15,Cassandrahaven,1,1
549,553,905,7277.08,USD,2024/07/25,Laurenhaven,0,1
550,296,1005,5113.55,USD,2024/02/19,Jessicamouth,0,1
551,428,503,8825.2,USD,2024/07/16,New Kathryn,0,1
552,810,311,146.95,USD,2024/05/28,South David,1,1
553,402,907,4320.66,USD,2024/07/17,Andersonberg,0,1
554,160,700,3828.55,USD,2024/10/26,Port Mariochester,1,1
555,491,947,594.82,USD,2024/08/17,North Teresaton,1,1
556,275,566,7354.65,USD,2024/09/16,East Todd,1,1
557,514,108,136.69,USD,2024/05/19,Amandaport,0,1
558,185,108,1211.27,USD,2024/10/09,New Joseph,1,1
559,824,364,3637.94,USD,2024/03/11,Toddbury,0,1
560,89,453,908.82,USD,2024/07/26,Port Emilyville,0,1
561,498,137,9534.8,USD,2024/06/14,Port Destinyside,1,1
562,852,648,8163.48,USD,2024/01/09,Haroldstad,0,1
563,594,288,5050.63,USD,2023/12/15,North Brittany,1,1
564,597,82,3918.43,USD,2024/04/10,Lake Benjamin,0,1
565,915,395,4905.83,USD,2024/08/29,New Mollyburgh,0,1
566,270,147,9934.56,USD,2024/09/16,Lake Teresaborough,1,1
567,151,88,9509.48,USD,2024/02/17,Charlesborough,1,1
568,955,128,5367.5,USD,2024/11/02,Reidmouth,0,1
569,771,649,5545.83,USD,2024/04/21,South Jonathan,1,1
570,94,215,9394.08,USD,2024/05/28,Oscarstad,1,1
571,207,254,9851.24,USD,2024/02/20,Clementsfurt,1,1
572,693,235,8122.23,USD,2024/04/22,North Julie,1,1
573,753,704,6290.98,USD,2024/08/13,Vanessastad,1,1
574,527,828,554.61,USD,2024/06/18,Smithmouth,0,1
575,912,365,1732.45,USD,2024/01/07,North Ryan,1,1
576,916,683,4826.96,USD,2024/04/22,West Scottborough,1,1
577,160,524,5624.12,USD,2024/01/30,Ronnieville,1,1
578,207,385,9118.16,USD,2023/11/23,Stacybury,1,1
579,973,619,2296.82,USD,2024/11/01,Laurenton,1,1
580,917,809,7548.75,USD,2024/09/05,Barajasville,1,1
581,969,851,3273.65,USD,2023/12/04,North Cameron,0,1
582,285,686,7300.91,USD,2024/09/29,Phillipsview,1,1
583,773,521,6902.88,USD,2024/05/23,Port Ashley,0,1
584,591,860,2903.38,USD,2024/09/01,Powersshire,0,1
585,663,613,8685.31,USD,2024/11/18,New Amyshire,1,1
586,395,483,8054.89,USD,2024/09/19,Port Charlesfort,1,1
587,917,618,7964.42,USD,2024/10/01,East Debramouth,1,1
588,153,992,9016.89,USD,2024/07/31,Samanthabury,0,1
589,963,896,5682.56,USD,2024/01/28,Joannfurt,1,1
590,190,567,1250.17,USD,2024/03/24,Port Terri,1,1
591,573,65,3792.94,USD,2024/08/08,Lake Bonnie,1,1
592,855,313,6540.42,USD,2024/11/04,Brewermouth,1,1
593,769,122,5868.06,USD,2024/04/06,Stevensonstad,1,1
594,804,964,3058.48,USD,2023/12/24,Rossfort,0,1
595,861,470,7733.22,USD,2024/08/19,Philliphaven,1,1
596,548,589,4662.69,USD,2024/03/13,East Teresabury,1,1
597,674,325,1017.29,USD,2024/09/23,East Jamesshire,1,1
598,280,433,4398.44,USD,2024/03/20,West Hunter,0,1
599,930,891,5153.49,USD,2024/02/03,South Antonio,1,1
600,585,282,1247.33,USD,2024/06/15,Andersonborough,1,1
601,571,327,7332.16,USD,2024/09/11,Travisview,0,1
602,162,278,8705.3,USD,2024/11/12,Parkermouth,0,1
603,421,383,9815.7,USD,2024/11/17,Devinfurt,0,1
604,618,688,2453.74,USD,2024/06/19,Nicoletown,0,1
605,228,950,1910.4,USD,2024/05/04,Knightland,0,1
606,288,556,8172.59,USD,2023/11/29,Port Austinport,0,1
607,37,33,4022.74,USD,2024/04/21,Kyleport,0,1
608,934,399,5625.84,USD,2023/11/30,North Shari,0,1
609,784,709,4580.7,USD,2024/05/22,New Angieton,0,1
610,381,930,732.28,USD,2023/12/13,North Johnland,1,1
611,203,359,5797.25,USD,2024/06/04,North Jenniferland,0,1
612,795,148,7837.58,USD,2024/09/17,Port Shannonhaven,1,1
613,832,396,4102.58,USD,2024/07/29,North Scott,0,1
614,835,185,6958.26,USD,2024/07/16,Cookport,0,1
615,449,616,4974.08,USD,2024/05/26,Lake Paul,1,1
616,115,694,8806.59,USD,2024/03/12,Laurenmouth,1,1
617,212,255,7575.61,USD,2024/08/28,West Keith,0,1
618,855,543,9829.68,USD,2024/08/10,South Kennethtown,0,1
619,301,834,135.47,USD,2024/11/20,South James,1,1
620,407,442,7128.07,USD,2024/05/30,Deborahside,1,1
621,612,628,6390.85,USD,2024/01/20,South Nicholasport,0,1
622,82,9,8910.06,USD,2024/06/18,Loriburgh,1,1
623,76,801,5108.84,USD,2024/11/04,Susantown,1,1
624,370,207,9045.09,USD,2024/01/04,Haneyshire,1,1
625,471,838,5555.32,USD,2024/05/01,Grimesburgh,0,1
626,803,615,8829.18,USD,2024/01/31,South Elizabethborough,1,1
627,443,632,2841.25,USD,2023/12/17,Brendaport,0,1
628,178,969,1895.34,USD,2024/07/01,Perezberg,0,1
629,660,349,1246.47,USD,2024/08/12,Brandonberg,1,1
630,815,78,6139.61,USD,2024/05/11,Edwardsburgh,0,1
631,460,269,91.22,USD,2024/02/20,Ryanport,0,1
632,779,517,4705.28,USD,2024/06/29,New Angelafurt,1,1
633,897,938,7949.59,USD,2024/03/21,South Donald,0,1
634,470,1006,3914,USD,2024/06/18,Michaelhaven,0,1
635,10,943,1011.47,USD,2024/08/20,Edwardview,0,1
636,382,440,3820.24,USD,2024/08/13,Stevenburgh,1,1
637,10,90,3076.74,USD,2024/09/22,Richardfort,0,1
638,974,980,3735.99,USD,2024/10/13,East Elizabeth,1,1
639,301,535,9790.33,USD,2024/08/09,New Kristen,0,1
640,888,320,9434.14,USD,2023/12/07,South Peter,1,1
641,74,177,4176.01,USD,2024/08/15,West Francisco,1,1
642,454,925,8919.97,USD,2024/08/31,Jenniferfurt,1,1
643,674,516,101.03,USD,2024/11/22,East Mike,0,1
644,784,413,5950.8,USD,2024/11/06,Floreston,0,1
645,780,928,4610.14,USD,2024/03/16,Veronicaton,1,1
646,4,402,2899.69,USD,2024/07/21,Cunninghamfurt,0,1
647,72,993,7964.62,USD,2024/05/29,Jenniferview,0,1
648,102,53,281.57,USD,2024/04/24,East Lindsayland,1,1
649,149,244,9294.44,USD,2024/07/16,East Bridgetview,1,1
650,415,988,3022.37,USD,2024/10/28,Kristinastad,1,1
651,389,715,1555.02,USD,2024/11/04,East Manuelview,0,1
652,139,110,420.89,USD,2024/08/09,Griffithview,0,1
653,720,556,9391.38,USD,2024/05/15,Hallton,0,1
654,265,23,5719.56,USD,2023/12/14,Schmidtview,0,1
655,565,212,3433.1,USD,2024/03/08,Shafferville,1,1
656,578,61,6709.07,USD,2023/12/30,South Stevenside,0,1
657,846,631,4152.67,USD,2024/11/08,East David,0,1
658,388,467,9746.91,USD,2024/02/16,South Dianeport,0,1
659,564,191,5939.31,USD,2024/09/02,Boothport,1,1
660,411,375,2965.41,USD,2024/05/11,New Rebeccaburgh,1,1
661,593,16,657.35,USD,2024/10/30,Pittmanshire,0,1
662,754,530,7283.99,USD,2024/09/10,Stephanieton,1,1
663,374,727,5453.36,USD,2024/06/23,Melissaton,0,1
664,917,235,7017.66,USD,2024/04/23,West Krista,1,1
665,653,368,530.93,USD,2023/11/27,Micheleport,0,1
666,385,168,8594.71,USD,2024/08/13,Port Dianeborough,1,1
667,122,535,9387.23,USD,2023/12/22,Christianmouth,1,1
668,479,591,2929.82,USD,2024/02/23,Princeborough,0,1
669,325,403,2712.13,USD,2024/10/30,Erinport,1,1
670,320,523,5609.28,USD,2024/08/29,Garciaview,0,1
671,674,605,4700.21,USD,2024/02/22,Ramosborough,1,1
672,965,33,6296.23,USD,2024/03/14,Michaelport,1,1
673,866,485,3361.84,USD,2024/06/29,Wilsonton,0,1
674,100,441,8986.67,USD,2024/02/17,Lake Ethanstad,1,1
675,817,18,2078.07,USD,2024/07/12,New Carolbury,1,1
676,857,865,1594.56,USD,2024/05/25,North Kaylatown,0,1
677,755,301,3542.88,USD,2024/04/09,Edwardburgh,0,1
678,83,538,8267.66,USD,2024/01/04,Ponceview,0,1
679,162,488,6408.91,USD,2024/07/29,Kristenside,1,1
680,784,978,2383.42,USD,2023/12/20,West Ryantown,1,1
681,515,503,5873.63,USD,2024/02/13,Port Cathystad,1,1
682,316,617,4120.22,USD,2024/03/19,Lake Charlesbury,1,1
683,859,612,7303.01,USD,2024/08/25,Marvinchester,1,1
684,371,879,5340.8,USD,2024/02/20,East Yolandafurt,0,1
685,624,267,328.74,USD,2024/09/22,Pooleville,1,1
686,701,36,2861.56,USD,2024/03/28,Lake Gavin,1,1
687,531,273,2330.47,USD,2024/03/15,New Jonathanbury,1,1
688,787,455,5671.71,USD,2023/12/31,Lake Erik,1,1
689,551,351,1633.7,USD,2024/02/09,North Kevin,1,1
690,137,164,2230.82,USD,2024/08/09,Moorefurt,1,1
691,760,199,1611.88,USD,2023/12/23,Dalebury,0,1
692,886,416,300.61,USD,2024/06/10,Ericaberg,0,1
693,50,803,2713.01,USD,2024/06/05,New Michellefort,0,1
694,196,72,5463.56,USD,2024/09/15,Dianestad,1,1
695,909,133,6395.74,USD,2024/08/09,South Sharon,1,1
696,580,538,9753.09,USD,2024/06/19,Robinhaven,1,1
697,230,80,5550.32,USD,2024/04/11,Albertside,0,1
698,537,800,6392.35,USD,2024/03/09,Turnerfort,1,1
699,303,935,9376.8,USD,2024/07/27,Rosschester,1,1
700,566,248,1295.05,USD,2024/01/07,Jodyborough,1,1
701,574,450,433.13,USD,2024/10/18,Stephenmouth,0,1
702,888,639,1081.23,USD,2023/12/22,East Sonia,1,1
703,95,381,151.38,USD,2024/08/31,East Pamelaville,1,1
704,911,336,3654.79,USD,2024/07/27,North Chrisport,1,1
705,530,160,922.7,USD,2024/04/06,Heatherburgh,0,1
706,528,256,1357,USD,2024/02/15,Heatherbury,0,1
707,928,399,6768.72,USD,2024/01/23,New Erica,0,1
708,77,441,6801.69,USD,2024/10/24,South Alexandria,0,1
709,513,342,3349.05,USD,2024/06/04,Cortezborough,0,1
710,609,412,1115.69,USD,2024/05/20,East Cindy,0,1
711,675,615,58.63,USD,2024/01/20,Susanton,1,1
712,561,464,9228.75,USD,2024/04/10,Scottton,1,1
713,996,906,7318.22,USD,2024/04/27,Port David,1,1
714,910,181,6176.08,USD,2024/08/14,Kathyborough,1,1
715,249,98,6058.5,USD,2023/12/09,Austinview,0,1
716,529,225,701.95,USD,2024/03/29,Petersonview,0,1
717,34,630,7188.37,USD,2024/03/18,Yvonneville,0,1
718,301,77,4104.49,USD,2024/09/02,Andersonland,1,1
719,669,183,2827.94,USD,2024/11/05,Lake Terri,0,1
720,247,895,1603.76,USD,2024/08/09,North Dustinstad,0,1
721,923,863,882.71,USD,2024/09/28,Amybury,0,1
722,835,973,6633.27,USD,2023/12/11,North Anna,0,1
723,470,425,479.04,USD,2024/10/15,Melissaland,1,1
724,911,996,6140.46,USD,2023/12/12,West Christopher,1,1
725,23,759,5772.74,USD,2024/08/03,North Sergiohaven,0,1
726,767,702,3982.78,USD,2024/02/02,Lake Andrew,0,1
727,262,397,2398.96,USD,2024/03/21,Baileyburgh,1,1
728,864,610,877.68,USD,2024/01/12,North Jeffrey,0,1
729,876,1009,3094.83,USD,2024/08/04,North Courtneyview,0,1
730,140,257,6809.58,USD,2024/06/12,East Matthew,0,1
731,220,138,2664.15,USD,2024/06/10,Port Aaronmouth,0,1
732,605,688,440.31,USD,2024/05/09,Tylerborough,1,1
733,189,588,3272.73,USD,2024/05/05,Phillipsside,1,1
734,45,58,9662.49,USD,2024/03/08,Hickmanport,1,1
735,108,457,9337.53,USD,2024/09/22,Lake David,1,1
736,230,496,7635.07,USD,2024/05/12,Ariasmouth,0,1
737,729,25,9501.07,USD,2024/04/10,Adamfurt,0,1
738,771,121,5734.31,USD,2024/10/03,East Jared,1,1
739,460,101,6739.74,USD,2024/08/05,South Madisonside,1,1
740,15,465,4809.83,USD,2024/09/30,Port Joshuamouth,1,1
741,583,325,6397.02,USD,2024/06/26,North Michaelmouth,0,1
742,481,733,7374.96,USD,2023/12/02,New Natalie,0,1
743,153,330,4897.25,USD,2024/09/08,Timothystad,1,1
744,30,571,980.92,USD,2024/03/10,West Donnaberg,1,1
745,910,930,2575.72,USD,2024/10/10,East Miguel,1,1
746,67,598,157.37,USD,2024/06/28,East Alexandra,0,1
747,64,42,4907.27,USD,2023/12/24,Lake Amy,1,1
748,493,678,2559.75,USD,2024/04/09,North Jamiehaven,0,1
749,466,673,3927.74,USD,2024/07/04,Walkerside,1,1
750,595,314,9443.32,USD,2024/06/27,Matthewton,1,1
751,145,910,2280.84,USD,2023/12/16,East Jeffreyport,1,1
752,838,743,6738.57,USD,2024/04/24,Port Lauren,1,1
753,500,675,9240.92,USD,2023/12/27,Crystalfurt,1,1
754,542,882,1534.08,USD,2024/02/07,Karichester,1,1
755,872,255,8596.02,USD,2024/10/30,Frankville,0,1
756,788,215,2240.69,USD,2023/12/14,Lake Dominique,1,1
757,567,179,1789.34,USD,2024/07/21,West Tammychester,0,1
758,9,375,7909.91,USD,2024/07/21,West Travis,0,1
759,375,265,3321.99,USD,2024/10/19,Christianville,0,1
760,753,646,7646.19,USD,2024/09/20,Donaldhaven,1,1
761,995,821,3571.16,USD,2024/02/19,West Mark,1,1
762,368,685,7292.38,USD,2024/07/26,Kimberlyton,0,1
763,50,937,2723.36,USD,2024/08/10,Meyersfurt,1,1
764,972,611,2334.6,USD,2024/03/31,Smithmouth,0,1
765,696,697,2421.83,USD,2024/05/22,Yufort,0,1
766,3,586,3151.21,USD,2023/12/25,Taylorbury,1,1
767,288,527,1006.21,USD,2024/05/20,East Matthew,0,1
768,924,486,1861.01,USD,2024/02/15,East Nicholasmouth,0,1
769,849,198,6784.09,USD,2024/10/26,East Jessicaberg,0,1
770,377,996,4709.74,USD,2024/11/04,Gilmoreburgh,1,1
771,145,313,248.69,USD,2024/06/26,Jordanville,0,1
772,786,199,8266.1,USD,2024/04/09,Lake Rodney,0,1
773,387,698,2009.84,USD,2023/12/23,Tylerport,1,1
774,621,776,2861.55,USD,2024/03/21,Lake Abigail,1,1
775,372,715,9017.49,USD,2024/05/31,Juliestad,1,1
776,754,157,3514.13,USD,2023/12/05,Mosleytown,0,1
777,935,401,1234.38,USD,2024/07/10,Thomasberg,0,1
778,896,629,2090.42,USD,2024/06/22,New Tami,1,1
779,795,891,5145.84,USD,2024/09/21,Lake Sarah,0,1
780,777,1001,1075.73,USD,2024/09/03,Elizabethhaven,0,1
781,825,573,1914.77,USD,2024/09/08,Lake Jamesside,1,1
782,833,622,1767.03,USD,2024/05/30,New Kelly,0,1
783,943,631,8656.6,USD,2023/12/16,Rasmussenborough,0,1
784,40,851,3597.19,USD,2023/12/25,Port Alexandraside,0,1
785,886,231,6704.43,USD,2024/02/09,North David,0,1
786,494,580,5585.25,USD,2023/12/09,Moorefort,0,1
787,483,594,8637.82,USD,2024/02/12,Port Melanieburgh,0,1
788,621,15,4419.37,USD,2024/10/28,Cohenside,0,1
789,724,218,6789.75,USD,2024/07/02,Lake Christinaside,1,1
790,611,670,567.52,USD,2023/11/25,Edwardchester,0,1
791,119,128,4576.08,USD,2024/09/30,Hernandezside,1,1
792,451,452,4123.7,USD,2024/09/22,Griffinfort,1,1
793,250,198,684.09,USD,2024/09/12,New Marioton,1,1
794,768,881,3383.69,USD,2024/09/15,Peterstad,1,1
795,252,681,2658.78,USD,2024/09/06,North Timothyshire,1,1
796,57,830,3548.93,USD,2024/04/20,Port Davidborough,1,1
797,2,50,3078.17,USD,2024/07/15,Watsonmouth,1,1
798,286,278,4247.92,USD,2024/07/09,Zacharyport,1,1
799,561,507,4937.52,USD,2024/05/10,East Joanne,1,1
800,120,171,8034.61,USD,2024/03/30,Michaelfort,1,1
801,786,459,1412.78,USD,2024/04/27,Ramirezborough,0,1
802,391,434,9763.79,USD,2024/09/10,North Robertfort,1,1
803,524,622,4490.24,USD,2024/03/19,Kevintown,1,1
804,694,330,7431.94,USD,2024/05/12,Lindsayland,1,1
805,153,379,8706.3,USD,2024/05/20,New James,1,1
806,763,520,723.1,USD,2024/11/09,Stevenborough,1,1
807,649,317,2512.69,USD,2024/09/30,Gordonview,1,1
808,937,616,4419.71,USD,2024/01/28,Jenniferport,0,1
809,881,638,4560.93,USD,2024/02/24,Lake Nicolemouth,1,1
810,252,752,2115.49,USD,2024/05/08,Kaylabury,0,1
811,817,485,2050.93,USD,2023/11/29,West Anthonymouth,0,1
812,505,924,4331.55,USD,2024/04/30,New Vanessamouth,0,1
813,857,238,2708.88,USD,2024/06/19,Wesleystad,1,1
814,718,608,9300.06,USD,2024/04/19,Scottview,0,1
815,725,244,4214.53,USD,2024/02/23,Davidland,0,1
816,738,830,3334.99,USD,2024/06/19,New Jeffrey,0,1
817,408,952,4705.23,USD,2024/07/09,Port Christopherville,1,1
818,310,415,3349.29,USD,2023/12/01,South Larryview,1,1
819,300,7,3057.17,USD,2024/02/17,North Cheyenneside,1,1
820,715,804,8229.96,USD,2024/10/15,Brandiberg,0,1
821,95,930,9856.99,USD,2024/02/07,Manningchester,0,1
822,597,433,8986.3,USD,2024/04/26,Joshuabury,1,1
823,787,438,5000.76,USD,2024/05/22,Michaelburgh,1,1
824,709,492,1782.42,USD,2023/12/02,New Arthurchester,0,1
825,784,251,3601.2,USD,2024/11/22,Rogershaven,0,1
826,196,840,2377.28,USD,2024/04/03,New Nicholas,1,1
827,630,380,3262.58,USD,2023/11/28,Sawyerberg,0,1
828,79,548,3956.41,USD,2024/02/18,Jesseshire,1,1
829,13,48,4844.53,USD,2023/12/18,North Kimberlyhaven,0,1
830,467,822,2126.21,USD,2024/05/24,Reyesfort,1,1
831,171,32,3579.57,USD,2024/07/22,Rosariostad,0,1
832,246,72,3371.53,USD,2024/11/05,Lake Caitlin,1,1
833,59,885,6010.86,USD,2024/01/01,Watsonside,1,1
834,423,433,4461.35,USD,2024/10/30,West Henryshire,1,1
835,81,425,9420.27,USD,2024/06/26,Port Robert,1,1
836,661,935,6536.11,USD,2024/08/28,South Dianehaven,1,1
837,164,903,9203.33,USD,2024/11/05,Danielton,0,1
838,551,112,412.07,USD,2024/01/21,South Lisa,1,1
839,558,79,9730.33,USD,2024/03/25,East Stephaniebury,0,1
840,512,1010,6572.08,USD,2024/08/25,Griffithville,1,1
841,707,129,7936.13,USD,2024/03/29,Jasmineport,0,1
842,725,610,8696.75,USD,2024/05/29,Arnoldborough,0,1
843,209,182,9954.31,USD,2024/05/08,New Katietown,0,1
844,175,502,4553.08,USD,2024/10/13,Lake Keithview,1,1
845,448,442,4091.36,USD,2024/03/07,Orrville,1,1
846,784,343,6969.96,USD,2024/09/06,South Adrian,1,1
847,728,147,7081.95,USD,2024/11/13,New Lisastad,0,1
848,778,992,6195.11,USD,2024/03/25,Leetown,0,1
849,67,968,1313.72,USD,2024/05/11,Frazierfurt,1,1
850,646,321,2005.85,USD,2024/06/10,Juliestad,1,1
851,532,490,7157.74,USD,2024/05/31,Carlsonstad,0,1
852,212,687,3372.46,USD,2024/04/25,West Brianmouth,0,1
853,127,313,4648.43,USD,2024/02/25,East Victoriafort,1,1
854,988,848,694.14,USD,2024/11/09,Port Mirandaside,1,1
855,366,638,130.14,USD,2024/04/23,Vangtown,0,1
856,587,286,529.14,USD,2024/03/30,Brianmouth,1,1
857,493,926,2612.29,USD,2024/06/03,Port Emily,1,1
858,450,958,4766.97,USD,2024/02/01,Tracyfort,0,1
859,33,130,6234.57,USD,2024/07/04,North William,1,1
860,608,449,1521.92,USD,2024/01/25,Reyestown,0,1
861,48,502,4148.39,USD,2024/04/21,Garciamouth,1,1
862,909,799,7158.82,USD,2024/05/25,North Markshire,0,1
863,561,614,3337.21,USD,2024/06/17,Tamaramouth,1,1
864,609,493,7579.24,USD,2023/12/28,Terristad,1,1
865,871,416,922.06,USD,2024/05/27,Patrickland,0,1
866,859,82,5390.74,USD,2023/12/09,West Matthew,1,1
867,461,30,6353.24,USD,2024/08/17,New Mark,0,1
868,234,629,6216.57,USD,2024/09/14,South Nancy,0,1
869,831,290,4776.3,USD,2024/01/04,Suefurt,1,1
870,170,720,2084.02,USD,2024/03/19,West Christopher,0,1
871,955,406,1191.51,USD,2023/12/30,Cookshire,0,1
872,595,660,5965.7,USD,2024/01/07,North Cynthia,0,1
873,960,646,6711.31,USD,2024/11/07,North Laurenmouth,1,1
874,714,27,2764.94,USD,2024/03/06,Port Bradleyview,0,1
875,130,685,2965.15,USD,2024/05/03,West Kellyfurt,1,1
876,136,548,360.92,USD,2023/12/12,Michelleshire,1,1
877,408,984,7018.96,USD,2023/12/14,Bassville,1,1
878,178,964,3463.89,USD,2023/12/06,Port Tracy,0,1
879,740,831,8806.2,USD,2024/03/22,Pattersonview,0,1
880,717,157,8022,USD,2024/03/30,Port Jeanette,1,1
881,658,308,9912.62,USD,2024/08/20,Darrenborough,0,1
882,533,855,2316.97,USD,2024/03/16,Haleyport,0,1
883,371,867,5123.12,USD,2024/03/17,Port Brittany,0,1
884,652,206,5504.76,USD,2024/10/04,Traceyville,0,1
885,569,782,132.06,USD,2024/02/26,West Susan,0,1
886,889,676,3445.8,USD,2024/09/20,Joseview,0,1
887,695,941,5270.88,USD,2024/07/09,Benjaminstad,0,1
888,923,631,6436.33,USD,2024/06/25,Port Kristy,0,1
889,505,852,826.94,USD,2024/03/20,North Gregoryport,0,1
890,143,602,6615.78,USD,2023/11/23,Bridgetmouth,0,1
891,385,1008,5133.66,USD,2023/12/13,Marybury,0,1
892,519,606,1632.37,USD,2024/09/09,Johnsonshire,0,1
893,315,636,6686.31,USD,2024/02/01,New Jorgeborough,0,1
894,251,1001,7046.31,USD,2024/07/06,West Susanburgh,1,1
895,755,546,1825.81,USD,2024/05/19,Armstrongfurt,1,1
896,766,835,6338.1,USD,2024/04/25,West Jeffreyhaven,1,1
897,631,766,3153.81,USD,2024/05/09,Hernandezberg,1,1
898,475,836,2886.41,USD,2024/08/16,Taylorport,1,1
899,326,725,9293.79,USD,2024/05/16,New John,0,1
900,2,122,9928.75,USD,2024/10/30,North Robert,0,1
901,665,672,8014.13,USD,2024/03/24,Bakerberg,0,1
902,29,43,6418.22,USD,2024/06/07,New Spencer,1,1
903,14,852,8724.29,USD,2023/11/23,Shelbyshire,1,1
904,765,779,3064.15,USD,2024/04/27,Holmesfurt,0,1
905,878,54,5750.59,USD,2024/06/04,Lake Joseph,1,1
906,254,967,4748.88,USD,2024/08/08,Robinsonhaven,0,1
907,231,97,3729.47,USD,2024/09/14,Jacksonport,1,1
908,966,286,4274.36,USD,2024/10/25,Jacobchester,1,1
909,771,132,9648.45,USD,2024/03/22,New Dawn,1,1
910,557,914,2752.02,USD,2024/07/07,Robertborough,0,1
911,379,34,2697.21,USD,2024/08/19,Campbellland,1,1
912,151,843,302.19,USD,2024/09/15,Port Matthewbury,1,1
913,801,1009,9880.61,USD,2024/09/08,Smithfort,0,1
914,749,225,6155.52,USD,2024/09/30,New Ethan,1,1
915,670,482,6929.89,USD,2024/07/05,Douglasfurt,1,1
916,187,18,6137.93,USD,2024/01/19,Lake Johnmouth,1,1
917,102,394,6382.45,USD,2024/09/03,Stacychester,1,1
918,778,184,5358.12,USD,2024/11/04,East Kristin,1,1
919,966,704,9529.77,USD,2024/05/18,East Johnfurt,1,1
920,579,733,5929,USD,2024/08/22,North Felicia,1,1
921,568,876,5059.83,USD,2024/06/03,Lake Taylorside,0,1
922,860,71,977.82,USD,2024/01/15,Lake Lindseyland,1,1
923,369,689,4457.57,USD,2024/09/27,Brianburgh,0,1
924,213,698,5013.57,USD,2024/01/07,New Brian,1,1
925,197,744,3457.62,USD,2024/03/31,South Jessica,0,1
926,296,753,8881.09,USD,2024/06/29,Danielhaven,1,1
927,468,880,189.31,USD,2024/10/25,New Christy,1,1
928,191,530,5402.23,USD,2024/04/26,South Debra,0,1
929,558,774,6563.18,USD,2024/01/29,South Stephanie,0,1
930,498,804,7340.07,USD,2023/12/27,Lynchland,1,1
931,243,423,5006.46,USD,2024/07/28,Mariaview,0,1
932,225,723,2861.53,USD,2024/04/09,Port Derrick,1,1
933,953,760,9532.44,USD,2024/09/29,Allenmouth,0,1
934,244,121,5153.8,USD,2024/04/27,North Jaredhaven,1,1
935,989,619,7418.45,USD,2024/08/05,Juliehaven,0,1
936,289,662,1075.12,USD,2024/08/31,West Michaelburgh,0,1
937,541,565,2194.98,USD,2024/06/09,Doylechester,0,1
938,9,508,40.42,USD,2024/11/18,Livingstonburgh,1,1
939,846,103,5547.11,USD,2024/04/17,Williamsfort,1,1
940,318,20,4020.19,USD,2024/05/04,Lake Nicholas,1,1
941,436,897,5555.16,USD,2024/08/28,South Joseberg,1,1
942,532,875,4365.61,USD,2024/10/14,Port Kimberly,0,1
943,498,497,4512.23,USD,2024/10/17,Kingtown,1,1
944,311,973,9571.68,USD,2024/09/04,East Ryan,0,1
945,987,440,5040.11,USD,2024/03/21,New Cynthiafort,1,1
946,273,177,5524.76,USD,2023/11/28,Edwardshire,0,1
947,804,71,7698.37,USD,2024/04/17,Port Amanda,0,1
948,948,696,688.99,USD,2023/12/25,West Bobby,0,1
949,832,71,7498.01,USD,2024/03/15,Johnsonville,0,1
950,89,567,4909.12,USD,2024/05/07,North Natasha,1,1
951,316,46,604.57,USD,2023/12/20,East Mariahbury,1,1
952,831,862,89.41,USD,2024/09/25,Careymouth,1,1
953,154,754,9308.24,USD,2024/04/21,West Spencer,1,1
954,314,557,9683.82,USD,2024/04/07,Stephanieberg,1,1
955,21,318,5855.25,USD,2024/09/22,South Brianna,0,1
956,352,167,5055.1,USD,2024/08/24,New Bryanhaven,0,1
957,400,279,9209.03,USD,2024/09/20,Greenside,1,1
958,507,622,9798.69,USD,2024/05/31,West Rayport,0,1
959,13,925,6884.99,USD,2024/05/15,West Jessicaton,1,1
960,732,511,6209.58,USD,2024/01/05,Stonehaven,0,1
961,41,286,6712.87,USD,2024/07/12,Jamesstad,0,1
962,785,501,9921.79,USD,2024/09/09,East Brendashire,0,1
963,502,542,463.15,USD,2024/04/12,Mosleyside,0,1
964,481,857,8964.11,USD,2023/12/01,Jonesberg,0,1
965,649,590,9411.22,USD,2024/02/04,New Kyleberg,0,1
966,174,682,8957.62,USD,2024/08/19,Pamelafort,1,1
967,404,746,2618.9,USD,2024/02/18,North John,1,1
968,149,312,1300.78,USD,2024/07/08,West Danielhaven,1,1
969,376,655,2757.18,USD,2024/06/30,West Juan,0,1
970,52,696,7025.51,USD,2024/01/30,Nancybury,1,1
971,623,470,7631.71,USD,2024/10/10,Mcleanville,0,1
972,813,859,2592.12,USD,2024/03/28,Kristenborough,1,1
973,387,793,7653.14,USD,2024/02/16,New Angelicafurt,1,1
974,349,17,3433.03,USD,2024/10/02,Salazarmouth,1,1
975,496,392,5297.67,USD,2024/04/18,Mayobury,0,1
976,723,455,5130.16,USD,2023/12/13,East Jeffreystad,1,1
977,649,995,7141.02,USD,2024/10/20,Heathermouth,0,1
978,898,376,7676.75,USD,2023/12/19,Ruizton,0,1
979,907,874,8529.58,USD,2024/03/08,West Justinchester,1,1
980,130,783,564.79,USD,2024/04/16,Monicaburgh,1,1
981,240,539,3740.71,USD,2024/03/26,Mirandaville,1,1
982,182,667,3084.57,USD,2024/07/24,Derekbury,1,1
983,133,645,1808.53,USD,2023/11/24,Bryanhaven,0,1
984,824,263,3953.74,USD,2024/03/03,Hamptonfort,1,1
985,719,356,2649.06,USD,2024/09/25,West Jesushaven,0,1
986,656,318,3289.64,USD,2024/01/26,South Charlesberg,1,1
987,638,210,2198.71,USD,2024/03/10,Sethton,0,1
988,211,584,1816.67,USD,2024/08/05,Lake Kevin,1,1
989,731,381,854.38,USD,2024/02/29,Lake Jeffreytown,0,1
990,909,311,6013.79,USD,2024/06/19,Tinaside,1,1
991,781,978,5839.21,USD,2023/12/11,Greenchester,1,1
992,474,536,8795.33,USD,2023/12/20,Quinnshire,1,1
993,323,576,6208.19,USD,2024/02/17,West Thomas,0,1
994,472,519,6168.77,USD,2024/09/24,Jordanland,1,1
995,247,438,2185.82,USD,2024/07/05,Charlesmouth,1,1
996,580,270,9657.76,USD,2023/12/25,Port Nicoleville,0,1
997,906,532,3062.71,USD,2024/04/12,Brownfurt,1,1
998,640,422,280.01,USD,2024/03/17,South Kimberlybury,1,1
999,368,670,6974.08,USD,2024/06/28,Johnside,0,1
1000,247,313,3488.39,USD,2024/01/18,East Robertburgh,1,1